electiondate,land,electiondate_l1,party,vote_share,on_ballot,vote_share_l1
2014-09-14,bb,2009-09-27,afd,12.199999809265137,1,NA
2019-09-01,bb,2014-09-14,afd,23.5,1,12.199999809265137
2019-09-01,bb,2014-09-14,bsw,NA,0,NA
1990-10-14,bb,NA,cdu,29.399999618530273,1,NA
1994-09-11,bb,1990-10-14,cdu,18.700000762939453,1,29.399999618530273
1999-09-05,bb,1994-09-11,cdu,26.600000381469727,1,18.700000762939453
2004-09-19,bb,1999-09-05,cdu,19.399999618530273,1,26.600000381469727
2009-09-27,bb,2004-09-19,cdu,19.799999237060547,1,19.399999618530273
2014-09-14,bb,2009-09-27,cdu,23,1,19.799999237060547
2019-09-01,bb,2014-09-14,cdu,15.6,1,23
1990-10-14,bb,NA,fdp,6.599999904632568,1,NA
1994-09-11,bb,1990-10-14,fdp,2.200000047683716,1,6.599999904632568
1999-09-05,bb,1994-09-11,fdp,1.899999976158142,1,2.200000047683716
2004-09-19,bb,1999-09-05,fdp,3.299999952316284,1,1.899999976158142
2009-09-27,bb,2004-09-19,fdp,7.199999809265137,1,3.299999952316284
2014-09-14,bb,2009-09-27,fdp,1.5,1,7.199999809265137
2019-09-01,bb,2014-09-14,fdp,4.1,1,1.5
2019-09-01,bb,2014-09-14,fw,5,1,NA
1994-09-11,bb,1990-10-14,gru,2.9000000953674316,1,NA
1999-09-05,bb,1994-09-11,gru,1.899999976158142,1,2.9000000953674316
2004-09-19,bb,1999-09-05,gru,3.5999999046325684,1,1.899999976158142
2009-09-27,bb,2004-09-19,gru,5.699999809265137,1,3.5999999046325684
2014-09-14,bb,2009-09-27,gru,6.199999809265137,1,5.699999809265137
2019-09-01,bb,2014-09-14,gru,10.8,1,6.199999809265137
1990-10-14,bb,NA,lin,13.399999618530273,1,NA
1994-09-11,bb,1990-10-14,lin,18.700000762939453,1,13.399999618530273
1999-09-05,bb,1994-09-11,lin,23.299999237060547,1,18.700000762939453
2004-09-19,bb,1999-09-05,lin,28,1,23.299999237060547
2009-09-27,bb,2004-09-19,lin,27.200000762939453,1,28
2014-09-14,bb,2009-09-27,lin,18.600000381469727,1,27.200000762939453
2019-09-01,bb,2014-09-14,lin,10.7,1,18.600000381469727
2009-09-27,bb,2004-09-19,npd,2.5999999046325684,1,NA
2014-09-14,bb,2009-09-27,npd,2.200000047683716,1,2.5999999046325684
2019-09-01,bb,2014-09-14,npd,NA,0,2.200000047683716
2019-09-01,bb,2014-09-14,pir,0.7,1,NA
1990-10-14,bb,NA,spd,38.20000076293945,1,NA
1994-09-11,bb,1990-10-14,spd,54.099998474121094,1,38.20000076293945
1999-09-05,bb,1994-09-11,spd,39.29999923706055,1,54.099998474121094
2004-09-19,bb,1999-09-05,spd,31.899999618530273,1,39.29999923706055
2009-09-27,bb,2004-09-19,spd,33,1,31.899999618530273
2014-09-14,bb,2009-09-27,spd,31.899999618530273,1,33
2019-09-01,bb,2014-09-14,spd,26.2,1,31.899999618530273
2016-09-18,be,2011-09-18,afd,14.199999809265137,1,NA
2021-09-26,be,2016-09-18,afd,8,1,14.199999809265137
2023-02-12,be,2021-09-26,afd,9.1,1,8
2021-09-26,be,2016-09-18,bsw,NA,0,NA
2023-02-12,be,2021-09-26,bsw,NA,0,NA
1950-12-03,be,NA,cdu,24.700000762939453,1,NA
1954-12-05,be,1950-12-03,cdu,30.399999618530273,1,24.700000762939453
1958-12-07,be,1954-12-05,cdu,37.70000076293945,1,30.399999618530273
1963-02-17,be,1958-12-07,cdu,28.799999237060547,1,37.70000076293945
1967-03-12,be,1963-02-17,cdu,32.900001525878906,1,28.799999237060547
1971-03-14,be,1967-03-12,cdu,38.20000076293945,1,32.900001525878906
1975-03-02,be,1971-03-14,cdu,43.900001525878906,1,38.20000076293945
1979-03-18,be,1975-03-02,cdu,44.400001525878906,1,43.900001525878906
1981-05-10,be,1979-03-18,cdu,48,1,44.400001525878906
1985-03-10,be,1981-05-10,cdu,46.400001525878906,1,48
1989-01-29,be,1985-03-10,cdu,37.70000076293945,1,46.400001525878906
1990-12-02,be,1989-01-29,cdu,40.400001525878906,1,37.70000076293945
1995-10-22,be,1990-12-02,cdu,37.400001525878906,1,40.400001525878906
1999-10-10,be,1995-10-22,cdu,40.79999923706055,1,37.400001525878906
2001-10-21,be,1999-10-10,cdu,23.799999237060547,1,40.79999923706055
2006-09-17,be,2001-10-21,cdu,21.299999237060547,1,23.799999237060547
2011-09-18,be,2006-09-17,cdu,23.399999618530273,1,21.299999237060547
2016-09-18,be,2011-09-18,cdu,17.600000381469727,1,23.399999618530273
2021-09-26,be,2016-09-18,cdu,18,1,17.600000381469727
2023-02-12,be,2021-09-26,cdu,28.2,1,18
1950-12-03,be,NA,fdp,23.100000381469727,1,NA
1954-12-05,be,1950-12-03,fdp,12.800000190734863,1,23.100000381469727
1958-12-07,be,1954-12-05,fdp,3.799999952316284,1,12.800000190734863
1963-02-17,be,1958-12-07,fdp,7.900000095367432,1,3.799999952316284
1967-03-12,be,1963-02-17,fdp,7.099999904632568,1,7.900000095367432
1971-03-14,be,1967-03-12,fdp,8.399999618530273,1,7.099999904632568
1975-03-02,be,1971-03-14,fdp,7.099999904632568,1,8.399999618530273
1979-03-18,be,1975-03-02,fdp,8.100000381469727,1,7.099999904632568
1981-05-10,be,1979-03-18,fdp,5.599999904632568,1,8.100000381469727
1985-03-10,be,1981-05-10,fdp,8.5,1,5.599999904632568
1989-01-29,be,1985-03-10,fdp,3.9000000953674316,1,8.5
1990-12-02,be,1989-01-29,fdp,7.099999904632568,1,3.9000000953674316
1995-10-22,be,1990-12-02,fdp,2.5,1,7.099999904632568
1999-10-10,be,1995-10-22,fdp,2.200000047683716,1,2.5
2001-10-21,be,1999-10-10,fdp,9.899999618530273,1,2.200000047683716
2006-09-17,be,2001-10-21,fdp,7.599999904632568,1,9.899999618530273
2011-09-18,be,2006-09-17,fdp,1.7999999523162842,1,7.599999904632568
2016-09-18,be,2011-09-18,fdp,6.699999809265137,1,1.7999999523162842
2021-09-26,be,2016-09-18,fdp,7.1,1,6.699999809265137
2023-02-12,be,2021-09-26,fdp,4.6,1,7.1
2021-09-26,be,2016-09-18,fw,NA,0,NA
2023-02-12,be,2021-09-26,fw,NA,0,NA
1979-03-18,be,1975-03-02,gru,3.700000047683716,1,NA
1981-05-10,be,1979-03-18,gru,7.199999809265137,1,3.700000047683716
1985-03-10,be,1981-05-10,gru,10.600000381469727,1,7.199999809265137
1989-01-29,be,1985-03-10,gru,11.800000190734863,1,10.600000381469727
1990-12-02,be,1989-01-29,gru,9.400000095367432,1,11.800000190734863
1995-10-22,be,1990-12-02,gru,13.199999809265137,1,9.400000095367432
1999-10-10,be,1995-10-22,gru,9.899999618530273,1,13.199999809265137
2001-10-21,be,1999-10-10,gru,9.100000381469727,1,9.899999618530273
2006-09-17,be,2001-10-21,gru,13.100000381469727,1,9.100000381469727
2011-09-18,be,2006-09-17,gru,17.600000381469727,1,13.100000381469727
2016-09-18,be,2011-09-18,gru,15.199999809265137,1,17.600000381469727
2021-09-26,be,2016-09-18,gru,18.9,1,15.199999809265137
2023-02-12,be,2021-09-26,gru,18.4,1,18.9
1990-12-02,be,1989-01-29,lin,9.199999809265137,1,NA
1995-10-22,be,1990-12-02,lin,14.600000381469727,1,9.199999809265137
1999-10-10,be,1995-10-22,lin,17.700000762939453,1,14.600000381469727
2001-10-21,be,1999-10-10,lin,22.600000381469727,1,17.700000762939453
2006-09-17,be,2001-10-21,lin,13.399999618530273,1,22.600000381469727
2011-09-18,be,2006-09-17,lin,11.699999809265137,1,13.399999618530273
2016-09-18,be,2011-09-18,lin,15.600000381469727,1,11.699999809265137
2021-09-26,be,2016-09-18,lin,14.1,1,15.600000381469727
2023-02-12,be,2021-09-26,lin,12.2,1,14.1
2021-09-26,be,2016-09-18,npd,NA,0,NA
2023-02-12,be,2021-09-26,npd,NA,0,NA
2021-09-26,be,2016-09-18,pir,0.4,1,NA
2023-02-12,be,2021-09-26,pir,0.3,1,0.4
1950-12-03,be,NA,spd,44.70000076293945,1,NA
1954-12-05,be,1950-12-03,spd,44.599998474121094,1,44.70000076293945
1958-12-07,be,1954-12-05,spd,52.599998474121094,1,44.599998474121094
1963-02-17,be,1958-12-07,spd,61.900001525878906,1,52.599998474121094
1967-03-12,be,1963-02-17,spd,56.900001525878906,1,61.900001525878906
1971-03-14,be,1967-03-12,spd,50.400001525878906,1,56.900001525878906
1975-03-02,be,1971-03-14,spd,42.599998474121094,1,50.400001525878906
1979-03-18,be,1975-03-02,spd,42.70000076293945,1,42.599998474121094
1981-05-10,be,1979-03-18,spd,38.400001525878906,1,42.70000076293945
1985-03-10,be,1981-05-10,spd,32.400001525878906,1,38.400001525878906
1989-01-29,be,1985-03-10,spd,37.29999923706055,1,32.400001525878906
1990-12-02,be,1989-01-29,spd,30.399999618530273,1,37.29999923706055
1995-10-22,be,1990-12-02,spd,23.600000381469727,1,30.399999618530273
1999-10-10,be,1995-10-22,spd,22.399999618530273,1,23.600000381469727
2001-10-21,be,1999-10-10,spd,29.700000762939453,1,22.399999618530273
2006-09-17,be,2001-10-21,spd,30.799999237060547,1,29.700000762939453
2011-09-18,be,2006-09-17,spd,28.299999237060547,1,30.799999237060547
2016-09-18,be,2011-09-18,spd,21.600000381469727,1,28.299999237060547
2021-09-26,be,2016-09-18,spd,21.4,1,21.600000381469727
2023-02-12,be,2021-09-26,spd,18.4,1,21.4
2016-03-13,bw,2011-03-27,afd,15.100000381469727,1,NA
2021-03-14,bw,2016-03-13,afd,9.7,1,15.100000381469727
2021-03-14,bw,2016-03-13,bsw,NA,0,NA
1952-03-09,bw,NA,cdu,36,1,NA
1956-03-04,bw,1952-03-09,cdu,42.599998474121094,1,36
1960-05-15,bw,1956-03-04,cdu,39.5,1,42.599998474121094
1964-04-26,bw,1960-05-15,cdu,46.20000076293945,1,39.5
1968-04-28,bw,1964-04-26,cdu,44.20000076293945,1,46.20000076293945
1972-04-23,bw,1968-04-28,cdu,52.900001525878906,1,44.20000076293945
1976-04-04,bw,1972-04-23,cdu,56.70000076293945,1,52.900001525878906
1980-03-16,bw,1976-04-04,cdu,53.400001525878906,1,56.70000076293945
1984-03-25,bw,1980-03-16,cdu,51.900001525878906,1,53.400001525878906
1988-03-20,bw,1984-03-25,cdu,49,1,51.900001525878906
1992-04-05,bw,1988-03-20,cdu,39.599998474121094,1,49
1996-03-24,bw,1992-04-05,cdu,41.29999923706055,1,39.599998474121094
2001-03-25,bw,1996-03-24,cdu,44.79999923706055,1,41.29999923706055
2006-03-26,bw,2001-03-25,cdu,44.20000076293945,1,44.79999923706055
2011-03-27,bw,2006-03-26,cdu,39,1,44.20000076293945
2016-03-13,bw,2011-03-27,cdu,27,1,39
2021-03-14,bw,2016-03-13,cdu,24.1,1,27
1952-03-09,bw,NA,fdp,18,1,NA
1956-03-04,bw,1952-03-09,fdp,16.600000381469727,1,18
1960-05-15,bw,1956-03-04,fdp,15.800000190734863,1,16.600000381469727
1964-04-26,bw,1960-05-15,fdp,13.100000381469727,1,15.800000190734863
1968-04-28,bw,1964-04-26,fdp,14.399999618530273,1,13.100000381469727
1972-04-23,bw,1968-04-28,fdp,8.899999618530273,1,14.399999618530273
1976-04-04,bw,1972-04-23,fdp,7.800000190734863,1,8.899999618530273
1980-03-16,bw,1976-04-04,fdp,8.300000190734863,1,7.800000190734863
1984-03-25,bw,1980-03-16,fdp,7.199999809265137,1,8.300000190734863
1988-03-20,bw,1984-03-25,fdp,5.900000095367432,1,7.199999809265137
1992-04-05,bw,1988-03-20,fdp,5.900000095367432,1,5.900000095367432
1996-03-24,bw,1992-04-05,fdp,9.600000381469727,1,5.900000095367432
2001-03-25,bw,1996-03-24,fdp,8.100000381469727,1,9.600000381469727
2006-03-26,bw,2001-03-25,fdp,10.699999809265137,1,8.100000381469727
2011-03-27,bw,2006-03-26,fdp,5.300000190734863,1,10.699999809265137
2016-03-13,bw,2011-03-27,fdp,8.300000190734863,1,5.300000190734863
2021-03-14,bw,2016-03-13,fdp,10.5,1,8.300000190734863
2021-03-14,bw,2016-03-13,fw,NA,0,NA
1980-03-16,bw,1976-04-04,gru,5.300000190734863,1,NA
1984-03-25,bw,1980-03-16,gru,8,1,5.300000190734863
1988-03-20,bw,1984-03-25,gru,7.900000095367432,1,8
1992-04-05,bw,1988-03-20,gru,9.5,1,7.900000095367432
1996-03-24,bw,1992-04-05,gru,12.100000381469727,1,9.5
2001-03-25,bw,1996-03-24,gru,7.699999809265137,1,12.100000381469727
2006-03-26,bw,2001-03-25,gru,11.699999809265137,1,7.699999809265137
2011-03-27,bw,2006-03-26,gru,24.200000762939453,1,11.699999809265137
2016-03-13,bw,2011-03-27,gru,30.299999237060547,1,24.200000762939453
2021-03-14,bw,2016-03-13,gru,32.6,1,30.299999237060547
2006-03-26,bw,2001-03-25,lin,3.0999999046325684,1,NA
2011-03-27,bw,2006-03-26,lin,2.799999952316284,1,3.0999999046325684
2016-03-13,bw,2011-03-27,lin,2.9000000953674316,1,2.799999952316284
2021-03-14,bw,2016-03-13,lin,3.6,1,2.9000000953674316
1968-04-28,bw,1964-04-26,npd,9.800000190734863,1,NA
1976-04-04,bw,1972-04-23,npd,0.8999999761581421,1,9.800000190734863
1988-03-20,bw,1984-03-25,npd,2.0999999046325684,1,0.8999999761581421
1992-04-05,bw,1988-03-20,npd,0.8999999761581421,1,2.0999999046325684
2001-03-25,bw,1996-03-24,npd,0.20000000298023224,1,0.8999999761581421
2006-03-26,bw,2001-03-25,npd,0.699999988079071,1,0.20000000298023224
2011-03-27,bw,2006-03-26,npd,1,1,0.699999988079071
2016-03-13,bw,2011-03-27,npd,0.4000000059604645,1,1
2021-03-14,bw,2016-03-13,npd,NA,0,0.4000000059604645
2021-03-14,bw,2016-03-13,pir,NA,0,NA
1952-03-09,bw,NA,spd,28,1,NA
1956-03-04,bw,1952-03-09,spd,28.899999618530273,1,28
1960-05-15,bw,1956-03-04,spd,35.29999923706055,1,28.899999618530273
1964-04-26,bw,1960-05-15,spd,37.29999923706055,1,35.29999923706055
1968-04-28,bw,1964-04-26,spd,29,1,37.29999923706055
1972-04-23,bw,1968-04-28,spd,37.599998474121094,1,29
1976-04-04,bw,1972-04-23,spd,33.29999923706055,1,37.599998474121094
1980-03-16,bw,1976-04-04,spd,32.5,1,33.29999923706055
1984-03-25,bw,1980-03-16,spd,32.400001525878906,1,32.5
1988-03-20,bw,1984-03-25,spd,32,1,32.400001525878906
1992-04-05,bw,1988-03-20,spd,29.399999618530273,1,32
1996-03-24,bw,1992-04-05,spd,25.100000381469727,1,29.399999618530273
2001-03-25,bw,1996-03-24,spd,33.29999923706055,1,25.100000381469727
2006-03-26,bw,2001-03-25,spd,25.200000762939453,1,33.29999923706055
2011-03-27,bw,2006-03-26,spd,23.100000381469727,1,25.200000762939453
2016-03-13,bw,2011-03-27,spd,12.699999809265137,1,23.100000381469727
2021-03-14,bw,2016-03-13,spd,11,1,12.699999809265137
2018-10-14,by,2013-09-15,afd,10.2,1,NA
2023-10-08,by,2018-10-14,afd,14.6,1,10.2
2018-10-14,by,2013-09-15,bsw,NA,0,NA
2023-10-08,by,2018-10-14,bsw,NA,0,NA
1946-12-01,by,NA,cdu,52.29999923706055,1,NA
1950-11-26,by,1946-12-01,cdu,27.399999618530273,1,52.29999923706055
1954-11-28,by,1950-11-26,cdu,38,1,27.399999618530273
1958-11-23,by,1954-11-28,cdu,45.599998474121094,1,38
1962-11-25,by,1958-11-23,cdu,47.5,1,45.599998474121094
1966-11-20,by,1962-11-25,cdu,48.099998474121094,1,47.5
1970-11-20,by,1966-11-20,cdu,56.400001525878906,1,48.099998474121094
1974-10-27,by,1970-11-20,cdu,62.099998474121094,1,56.400001525878906
1978-10-15,by,1974-10-27,cdu,59.099998474121094,1,62.099998474121094
1982-10-10,by,1978-10-15,cdu,58.29999923706055,1,59.099998474121094
1986-10-12,by,1982-10-10,cdu,55.79999923706055,1,58.29999923706055
1990-10-14,by,1986-10-12,cdu,54.900001525878906,1,55.79999923706055
1994-09-25,by,1990-10-14,cdu,52.79999923706055,1,54.900001525878906
1998-09-13,by,1994-09-25,cdu,52.900001525878906,1,52.79999923706055
2003-09-21,by,1998-09-13,cdu,60.70000076293945,1,52.900001525878906
2008-09-28,by,2003-09-21,cdu,43.400001525878906,1,60.70000076293945
2013-09-15,by,2008-09-28,cdu,47.70000076293945,1,43.400001525878906
2018-10-14,by,2013-09-15,cdu,37.2,1,47.70000076293945
2023-10-08,by,2018-10-14,cdu,37,1,37.2
1946-12-01,by,NA,fdp,5.599999904632568,1,NA
1950-11-26,by,1946-12-01,fdp,7.099999904632568,1,5.599999904632568
1954-11-28,by,1950-11-26,fdp,7.199999809265137,1,7.099999904632568
1958-11-23,by,1954-11-28,fdp,5.599999904632568,1,7.199999809265137
1962-11-25,by,1958-11-23,fdp,5.900000095367432,1,5.599999904632568
1966-11-20,by,1962-11-25,fdp,5.099999904632568,1,5.900000095367432
1970-11-20,by,1966-11-20,fdp,5.5,1,5.099999904632568
1974-10-27,by,1970-11-20,fdp,5.199999809265137,1,5.5
1978-10-15,by,1974-10-27,fdp,6.199999809265137,1,5.199999809265137
1982-10-10,by,1978-10-15,fdp,3.5,1,6.199999809265137
1986-10-12,by,1982-10-10,fdp,3.799999952316284,1,3.5
1990-10-14,by,1986-10-12,fdp,5.199999809265137,1,3.799999952316284
1994-09-25,by,1990-10-14,fdp,2.799999952316284,1,5.199999809265137
1998-09-13,by,1994-09-25,fdp,1.7000000476837158,1,2.799999952316284
2003-09-21,by,1998-09-13,fdp,2.5999999046325684,1,1.7000000476837158
2008-09-28,by,2003-09-21,fdp,8,1,2.5999999046325684
2013-09-15,by,2008-09-28,fdp,3.299999952316284,1,8
2018-10-14,by,2013-09-15,fdp,5.1,1,3.299999952316284
2023-10-08,by,2018-10-14,fdp,3,1,5.1
2018-10-14,by,2013-09-15,fw,11.6,1,NA
2023-10-08,by,2018-10-14,fw,15.8,1,11.6
1978-10-15,by,1974-10-27,gru,1.7999999523162842,1,NA
1982-10-10,by,1978-10-15,gru,4.599999904632568,1,1.7999999523162842
1986-10-12,by,1982-10-10,gru,7.5,1,4.599999904632568
1990-10-14,by,1986-10-12,gru,6.400000095367432,1,7.5
1994-09-25,by,1990-10-14,gru,6.099999904632568,1,6.400000095367432
1998-09-13,by,1994-09-25,gru,5.699999809265137,1,6.099999904632568
2003-09-21,by,1998-09-13,gru,7.699999809265137,1,5.699999809265137
2008-09-28,by,2003-09-21,gru,9.399999618530273,1,7.699999809265137
2013-09-15,by,2008-09-28,gru,8.600000381469727,1,9.399999618530273
2018-10-14,by,2013-09-15,gru,17.6,1,8.600000381469727
2023-10-08,by,2018-10-14,gru,14.4,1,17.6
2008-09-28,by,2003-09-21,lin,4.400000095367432,1,NA
2013-09-15,by,2008-09-28,lin,2.0999999046325684,1,4.400000095367432
2018-10-14,by,2013-09-15,lin,3.2,1,2.0999999046325684
2023-10-08,by,2018-10-14,lin,1.5,1,3.2
2018-10-14,by,2013-09-15,npd,NA,0,NA
2023-10-08,by,2018-10-14,npd,NA,0,NA
2018-10-14,by,2013-09-15,pir,NA,0,NA
2023-10-08,by,2018-10-14,pir,NA,0,NA
1946-12-01,by,NA,spd,28.600000381469727,1,NA
1950-11-26,by,1946-12-01,spd,28,1,28.600000381469727
1954-11-28,by,1950-11-26,spd,28.100000381469727,1,28
1958-11-23,by,1954-11-28,spd,30.799999237060547,1,28.100000381469727
1962-11-25,by,1958-11-23,spd,35.29999923706055,1,30.799999237060547
1966-11-20,by,1962-11-25,spd,35.79999923706055,1,35.29999923706055
1970-11-20,by,1966-11-20,spd,33.29999923706055,1,35.79999923706055
1974-10-27,by,1970-11-20,spd,30.200000762939453,1,33.29999923706055
1978-10-15,by,1974-10-27,spd,31.399999618530273,1,30.200000762939453
1982-10-10,by,1978-10-15,spd,31.899999618530273,1,31.399999618530273
1986-10-12,by,1982-10-10,spd,27.5,1,31.899999618530273
1990-10-14,by,1986-10-12,spd,26,1,27.5
1994-09-25,by,1990-10-14,spd,30,1,26
1998-09-13,by,1994-09-25,spd,28.700000762939453,1,30
2003-09-21,by,1998-09-13,spd,19.600000381469727,1,28.700000762939453
2008-09-28,by,2003-09-21,spd,18.600000381469727,1,19.600000381469727
2013-09-15,by,2008-09-28,spd,20.600000381469727,1,18.600000381469727
2018-10-14,by,2013-09-15,spd,9.7,1,20.600000381469727
2023-10-08,by,2018-10-14,spd,8.4,1,9.7
2015-05-10,hb,2011-05-22,afd,5.5,1,NA
2019-05-26,hb,2015-05-10,afd,6.1,1,5.5
2019-05-26,hb,2015-05-10,bsw,NA,0,NA
1946-10-13,hb,NA,cdu,18.899999618530273,1,NA
1947-10-12,hb,1946-10-13,cdu,22,1,18.899999618530273
1951-10-07,hb,1947-10-12,cdu,9.100000381469727,1,22
1955-10-09,hb,1951-10-07,cdu,18,1,9.100000381469727
1959-10-11,hb,1955-10-09,cdu,14.800000190734863,1,18
1963-09-29,hb,1959-10-11,cdu,28.899999618530273,1,14.800000190734863
1967-10-01,hb,1963-09-29,cdu,29.5,1,28.899999618530273
1971-10-10,hb,1967-10-01,cdu,31.600000381469727,1,29.5
1975-09-28,hb,1971-10-10,cdu,33.79999923706055,1,31.600000381469727
1979-10-07,hb,1975-09-28,cdu,31.899999618530273,1,33.79999923706055
1983-09-25,hb,1979-10-07,cdu,33.29999923706055,1,31.899999618530273
1987-09-13,hb,1983-09-25,cdu,23.399999618530273,1,33.29999923706055
1991-09-29,hb,1987-09-13,cdu,30.700000762939453,1,23.399999618530273
1995-05-14,hb,1991-09-29,cdu,32.599998474121094,1,30.700000762939453
1999-06-06,hb,1995-05-14,cdu,37.099998474121094,1,32.599998474121094
2003-05-25,hb,1999-06-06,cdu,29.799999237060547,1,37.099998474121094
2007-05-13,hb,2003-05-25,cdu,25.600000381469727,1,29.799999237060547
2011-05-22,hb,2007-05-13,cdu,20.399999618530273,1,25.600000381469727
2015-05-10,hb,2011-05-22,cdu,22.399999618530273,1,20.399999618530273
2019-05-26,hb,2015-05-10,cdu,26.7,1,22.399999618530273
1946-10-13,hb,NA,fdp,18.299999237060547,1,NA
1947-10-12,hb,1946-10-13,fdp,19.399999618530273,1,18.299999237060547
1951-10-07,hb,1947-10-12,fdp,11.800000190734863,1,19.399999618530273
1955-10-09,hb,1951-10-07,fdp,8.600000381469727,1,11.800000190734863
1959-10-11,hb,1955-10-09,fdp,7.199999809265137,1,8.600000381469727
1963-09-29,hb,1959-10-11,fdp,8.399999618530273,1,7.199999809265137
1967-10-01,hb,1963-09-29,fdp,10.5,1,8.399999618530273
1971-10-10,hb,1967-10-01,fdp,7.099999904632568,1,10.5
1975-09-28,hb,1971-10-10,fdp,13,1,7.099999904632568
1979-10-07,hb,1975-09-28,fdp,10.800000190734863,1,13
1983-09-25,hb,1979-10-07,fdp,4.599999904632568,1,10.800000190734863
1987-09-13,hb,1983-09-25,fdp,10,1,4.599999904632568
1991-09-29,hb,1987-09-13,fdp,9.5,1,10
1995-05-14,hb,1991-09-29,fdp,3.4000000953674316,1,9.5
1999-06-06,hb,1995-05-14,fdp,2.5,1,3.4000000953674316
2003-05-25,hb,1999-06-06,fdp,4.199999809265137,1,2.5
2007-05-13,hb,2003-05-25,fdp,6,1,4.199999809265137
2011-05-22,hb,2007-05-13,fdp,2.4000000953674316,1,6
2015-05-10,hb,2011-05-22,fdp,6.599999904632568,1,2.4000000953674316
2019-05-26,hb,2015-05-10,fdp,5.9,1,6.599999904632568
2019-05-26,hb,2015-05-10,fw,NA,0,NA
1979-10-07,hb,1975-09-28,gru,5.099999904632568,1,NA
1983-09-25,hb,1979-10-07,gru,5.400000095367432,1,5.099999904632568
1987-09-13,hb,1983-09-25,gru,10.199999809265137,1,5.400000095367432
1991-09-29,hb,1987-09-13,gru,11.399999618530273,1,10.199999809265137
1995-05-14,hb,1991-09-29,gru,13.100000381469727,1,11.399999618530273
1999-06-06,hb,1995-05-14,gru,9,1,13.100000381469727
2003-05-25,hb,1999-06-06,gru,12.800000190734863,1,9
2007-05-13,hb,2003-05-25,gru,16.5,1,12.800000190734863
2011-05-22,hb,2007-05-13,gru,22.5,1,16.5
2015-05-10,hb,2011-05-22,gru,15.100000381469727,1,22.5
2019-05-26,hb,2015-05-10,gru,17.4,1,15.100000381469727
1995-05-14,hb,1991-09-29,lin,2.4000000953674316,1,NA
1999-06-06,hb,1995-05-14,lin,2.9000000953674316,1,2.4000000953674316
2003-05-25,hb,1999-06-06,lin,1.7000000476837158,1,2.9000000953674316
2007-05-13,hb,2003-05-25,lin,8.399999618530273,1,1.7000000476837158
2011-05-22,hb,2007-05-13,lin,5.599999904632568,1,8.399999618530273
2015-05-10,hb,2011-05-22,lin,9.5,1,5.599999904632568
2019-05-26,hb,2015-05-10,lin,11.3,1,9.5
1951-10-07,hb,1947-10-12,npd,7.699999809265137,1,NA
1967-10-01,hb,1963-09-29,npd,8.800000190734863,1,7.699999809265137
1971-10-10,hb,1967-10-01,npd,2.799999952316284,1,8.800000190734863
1975-09-28,hb,1971-10-10,npd,1.100000023841858,1,2.799999952316284
1979-10-07,hb,1975-09-28,npd,0.4000000059604645,1,1.100000023841858
1987-09-13,hb,1983-09-25,npd,3.4000000953674316,1,0.4000000059604645
1991-09-29,hb,1987-09-13,npd,6.199999809265137,1,3.4000000953674316
1995-05-14,hb,1991-09-29,npd,2.5,1,6.199999809265137
1999-06-06,hb,1995-05-14,npd,3,1,2.5
2003-05-25,hb,1999-06-06,npd,2.299999952316284,1,3
2007-05-13,hb,2003-05-25,npd,2.700000047683716,1,2.299999952316284
2011-05-22,hb,2007-05-13,npd,1.600000023841858,1,2.700000047683716
2015-05-10,hb,2011-05-22,npd,0.20000000298023224,1,1.600000023841858
2019-05-26,hb,2015-05-10,npd,NA,0,0.20000000298023224
2019-05-26,hb,2015-05-10,pir,NA,0,NA
1946-10-13,hb,NA,spd,47.599998474121094,1,NA
1947-10-12,hb,1946-10-13,spd,41.70000076293945,1,47.599998474121094
1951-10-07,hb,1947-10-12,spd,39.099998474121094,1,41.70000076293945
1955-10-09,hb,1951-10-07,spd,47.79999923706055,1,39.099998474121094
1959-10-11,hb,1955-10-09,spd,54.900001525878906,1,47.79999923706055
1963-09-29,hb,1959-10-11,spd,54.70000076293945,1,54.900001525878906
1967-10-01,hb,1963-09-29,spd,46,1,54.70000076293945
1971-10-10,hb,1967-10-01,spd,55.29999923706055,1,46
1975-09-28,hb,1971-10-10,spd,48.79999923706055,1,55.29999923706055
1979-10-07,hb,1975-09-28,spd,49.400001525878906,1,48.79999923706055
1983-09-25,hb,1979-10-07,spd,51.29999923706055,1,49.400001525878906
1987-09-13,hb,1983-09-25,spd,50.5,1,51.29999923706055
1991-09-29,hb,1987-09-13,spd,38.79999923706055,1,50.5
1995-05-14,hb,1991-09-29,spd,33.400001525878906,1,38.79999923706055
1999-06-06,hb,1995-05-14,spd,42.599998474121094,1,33.400001525878906
2003-05-25,hb,1999-06-06,spd,42.29999923706055,1,42.599998474121094
2007-05-13,hb,2003-05-25,spd,36.70000076293945,1,42.29999923706055
2011-05-22,hb,2007-05-13,spd,38.599998474121094,1,36.70000076293945
2015-05-10,hb,2011-05-22,spd,32.79999923706055,1,38.599998474121094
2019-05-26,hb,2015-05-10,spd,24.9,1,32.79999923706055
2013-09-22,he,2009-01-18,afd,4.099999904632568,1,NA
2018-10-28,he,2013-09-22,afd,13.1,1,4.099999904632568
2023-10-08,he,2018-10-28,afd,18.4,1,13.1
2018-10-28,he,2013-09-22,bsw,NA,0,NA
2023-10-08,he,2018-10-28,bsw,NA,0,NA
1946-12-01,he,NA,cdu,30.899999618530273,1,NA
1950-11-19,he,1946-12-01,cdu,18.799999237060547,1,30.899999618530273
1954-11-28,he,1950-11-19,cdu,24.100000381469727,1,18.799999237060547
1958-11-23,he,1954-11-28,cdu,32,1,24.100000381469727
1962-11-11,he,1958-11-23,cdu,28.799999237060547,1,32
1966-11-06,he,1962-11-11,cdu,26.399999618530273,1,28.799999237060547
1970-11-08,he,1966-11-06,cdu,39.70000076293945,1,26.399999618530273
1974-10-27,he,1970-11-08,cdu,47.29999923706055,1,39.70000076293945
1978-10-08,he,1974-10-27,cdu,46,1,47.29999923706055
1982-09-26,he,1978-10-08,cdu,45.599998474121094,1,46
1983-09-25,he,1982-09-26,cdu,39.400001525878906,1,45.599998474121094
1987-04-05,he,1983-09-25,cdu,42.099998474121094,1,39.400001525878906
1991-01-20,he,1987-04-05,cdu,40.20000076293945,1,42.099998474121094
1995-02-19,he,1991-01-20,cdu,39.20000076293945,1,40.20000076293945
1999-02-07,he,1995-02-19,cdu,43.400001525878906,1,39.20000076293945
2003-02-02,he,1999-02-07,cdu,48.79999923706055,1,43.400001525878906
2008-01-27,he,2003-02-02,cdu,36.79999923706055,1,48.79999923706055
2009-01-18,he,2008-01-27,cdu,37.20000076293945,1,36.79999923706055
2013-09-22,he,2009-01-18,cdu,38.29999923706055,1,37.20000076293945
2018-10-28,he,2013-09-22,cdu,27,1,38.29999923706055
2023-10-08,he,2018-10-28,cdu,34.6,1,27
1946-12-01,he,NA,fdp,15.699999809265137,1,NA
1950-11-19,he,1946-12-01,fdp,31.799999237060547,1,15.699999809265137
1954-11-28,he,1950-11-19,fdp,20.5,1,31.799999237060547
1958-11-23,he,1954-11-28,fdp,9.5,1,20.5
1962-11-11,he,1958-11-23,fdp,11.399999618530273,1,9.5
1966-11-06,he,1962-11-11,fdp,10.399999618530273,1,11.399999618530273
1970-11-08,he,1966-11-06,fdp,10.100000381469727,1,10.399999618530273
1974-10-27,he,1970-11-08,fdp,7.400000095367432,1,10.100000381469727
1978-10-08,he,1974-10-27,fdp,6.599999904632568,1,7.400000095367432
1982-09-26,he,1978-10-08,fdp,3.0999999046325684,1,6.599999904632568
1983-09-25,he,1982-09-26,fdp,7.599999904632568,1,3.0999999046325684
1987-04-05,he,1983-09-25,fdp,7.800000190734863,1,7.599999904632568
1991-01-20,he,1987-04-05,fdp,7.400000095367432,1,7.800000190734863
1995-02-19,he,1991-01-20,fdp,7.400000095367432,1,7.400000095367432
1999-02-07,he,1995-02-19,fdp,5.099999904632568,1,7.400000095367432
2003-02-02,he,1999-02-07,fdp,7.900000095367432,1,5.099999904632568
2008-01-27,he,2003-02-02,fdp,9.399999618530273,1,7.900000095367432
2009-01-18,he,2008-01-27,fdp,16.200000762939453,1,9.399999618530273
2013-09-22,he,2009-01-18,fdp,5,1,16.200000762939453
2018-10-28,he,2013-09-22,fdp,7.5,1,5
2023-10-08,he,2018-10-28,fdp,5,1,7.5
2018-10-28,he,2013-09-22,fw,3,1,NA
2023-10-08,he,2018-10-28,fw,3.5,1,3
1978-10-08,he,1974-10-27,gru,2,1,NA
1982-09-26,he,1978-10-08,gru,8,1,2
1983-09-25,he,1982-09-26,gru,5.900000095367432,1,8
1987-04-05,he,1983-09-25,gru,9.399999618530273,1,5.900000095367432
1991-01-20,he,1987-04-05,gru,8.800000190734863,1,9.399999618530273
1995-02-19,he,1991-01-20,gru,11.199999809265137,1,8.800000190734863
1999-02-07,he,1995-02-19,gru,7.199999809265137,1,11.199999809265137
2003-02-02,he,1999-02-07,gru,10.100000381469727,1,7.199999809265137
2008-01-27,he,2003-02-02,gru,7.5,1,10.100000381469727
2009-01-18,he,2008-01-27,gru,13.699999809265137,1,7.5
2013-09-22,he,2009-01-18,gru,11.100000381469727,1,13.699999809265137
2018-10-28,he,2013-09-22,gru,19.8,1,11.100000381469727
2023-10-08,he,2018-10-28,gru,14.8,1,19.8
2008-01-27,he,2003-02-02,lin,5.099999904632568,1,NA
2009-01-18,he,2008-01-27,lin,5.400000095367432,1,5.099999904632568
2013-09-22,he,2009-01-18,lin,5.199999809265137,1,5.400000095367432
2018-10-28,he,2013-09-22,lin,6.3,1,5.199999809265137
2023-10-08,he,2018-10-28,lin,3.1,1,6.3
1966-11-06,he,1962-11-11,npd,7.900000095367432,1,NA
1970-11-08,he,1966-11-06,npd,3,1,7.900000095367432
1974-10-27,he,1970-11-08,npd,1,1,3
1978-10-08,he,1974-10-27,npd,0.4000000059604645,1,1
2008-01-27,he,2003-02-02,npd,0.8999999761581421,1,0.4000000059604645
2009-01-18,he,2008-01-27,npd,0.8999999761581421,1,0.8999999761581421
2013-09-22,he,2009-01-18,npd,1.100000023841858,1,0.8999999761581421
2018-10-28,he,2013-09-22,npd,NA,0,1.100000023841858
2023-10-08,he,2018-10-28,npd,NA,0,NA
2018-10-28,he,2013-09-22,pir,NA,0,NA
2023-10-08,he,2018-10-28,pir,NA,0,NA
1946-12-01,he,NA,spd,42.70000076293945,1,NA
1950-11-19,he,1946-12-01,spd,44.400001525878906,1,42.70000076293945
1954-11-28,he,1950-11-19,spd,42.599998474121094,1,44.400001525878906
1958-11-23,he,1954-11-28,spd,46.900001525878906,1,42.599998474121094
1962-11-11,he,1958-11-23,spd,50.79999923706055,1,46.900001525878906
1966-11-06,he,1962-11-11,spd,51,1,50.79999923706055
1970-11-08,he,1966-11-06,spd,45.900001525878906,1,51
1974-10-27,he,1970-11-08,spd,43.20000076293945,1,45.900001525878906
1978-10-08,he,1974-10-27,spd,44.29999923706055,1,43.20000076293945
1982-09-26,he,1978-10-08,spd,42.79999923706055,1,44.29999923706055
1983-09-25,he,1982-09-26,spd,46.20000076293945,1,42.79999923706055
1987-04-05,he,1983-09-25,spd,40.20000076293945,1,46.20000076293945
1991-01-20,he,1987-04-05,spd,40.79999923706055,1,40.20000076293945
1995-02-19,he,1991-01-20,spd,38,1,40.79999923706055
1999-02-07,he,1995-02-19,spd,39.400001525878906,1,38
2003-02-02,he,1999-02-07,spd,29.100000381469727,1,39.400001525878906
2008-01-27,he,2003-02-02,spd,36.70000076293945,1,29.100000381469727
2009-01-18,he,2008-01-27,spd,23.700000762939453,1,36.70000076293945
2013-09-22,he,2009-01-18,spd,30.700000762939453,1,23.700000762939453
2018-10-28,he,2013-09-22,spd,19.8,1,30.700000762939453
2023-10-08,he,2018-10-28,spd,15.1,1,19.8
2015-02-15,hh,2011-02-20,afd,6.099999904632568,1,NA
2020-02-23,hh,2015-02-15,afd,5.3,1,6.099999904632568
2020-02-23,hh,2015-02-15,bsw,NA,0,NA
1946-10-13,hh,NA,cdu,26.700000762939453,1,NA
1949-10-16,hh,1946-10-13,cdu,34.5,1,26.700000762939453
1953-11-01,hh,1949-10-16,cdu,50,1,34.5
1957-11-10,hh,1953-11-01,cdu,32.20000076293945,1,50
1961-11-12,hh,1957-11-10,cdu,29.100000381469727,1,32.20000076293945
1966-03-27,hh,1961-11-12,cdu,30,1,29.100000381469727
1970-03-22,hh,1966-03-27,cdu,32.79999923706055,1,30
1974-03-03,hh,1970-03-22,cdu,40.599998474121094,1,32.79999923706055
1978-06-04,hh,1974-03-03,cdu,37.599998474121094,1,40.599998474121094
1982-06-06,hh,1978-06-04,cdu,43.20000076293945,1,37.599998474121094
1982-12-19,hh,1982-06-06,cdu,38.599998474121094,1,43.20000076293945
1986-11-09,hh,1982-12-19,cdu,41.900001525878906,1,38.599998474121094
1987-05-17,hh,1986-11-09,cdu,40.5,1,41.900001525878906
1991-06-02,hh,1987-05-17,cdu,35.099998474121094,1,40.5
1993-09-19,hh,1991-06-02,cdu,25.100000381469727,1,35.099998474121094
1997-09-21,hh,1993-09-19,cdu,30.700000762939453,1,25.100000381469727
2001-09-23,hh,1997-09-21,cdu,26.200000762939453,1,30.700000762939453
2004-02-29,hh,2001-09-23,cdu,47.20000076293945,1,26.200000762939453
2008-02-24,hh,2004-02-29,cdu,42.599998474121094,1,47.20000076293945
2011-02-20,hh,2008-02-24,cdu,21.899999618530273,1,42.599998474121094
2015-02-15,hh,2011-02-20,cdu,15.899999618530273,1,21.899999618530273
2020-02-23,hh,2015-02-15,cdu,11.2,1,15.899999618530273
1946-10-13,hh,NA,fdp,18.200000762939453,1,NA
1957-11-10,hh,1953-11-01,fdp,8.600000381469727,1,18.200000762939453
1961-11-12,hh,1957-11-10,fdp,9.600000381469727,1,8.600000381469727
1966-03-27,hh,1961-11-12,fdp,6.800000190734863,1,9.600000381469727
1970-03-22,hh,1966-03-27,fdp,7.099999904632568,1,6.800000190734863
1974-03-03,hh,1970-03-22,fdp,10.899999618530273,1,7.099999904632568
1978-06-04,hh,1974-03-03,fdp,4.800000190734863,1,10.899999618530273
1982-06-06,hh,1978-06-04,fdp,4.900000095367432,1,4.800000190734863
1982-12-19,hh,1982-06-06,fdp,2.5999999046325684,1,4.900000095367432
1986-11-09,hh,1982-12-19,fdp,4.800000190734863,1,2.5999999046325684
1987-05-17,hh,1986-11-09,fdp,6.5,1,4.800000190734863
1991-06-02,hh,1987-05-17,fdp,5.400000095367432,1,6.5
1993-09-19,hh,1991-06-02,fdp,4.199999809265137,1,5.400000095367432
1997-09-21,hh,1993-09-19,fdp,3.5,1,4.199999809265137
2001-09-23,hh,1997-09-21,fdp,5.099999904632568,1,3.5
2004-02-29,hh,2001-09-23,fdp,2.799999952316284,1,5.099999904632568
2008-02-24,hh,2004-02-29,fdp,4.800000190734863,1,2.799999952316284
2011-02-20,hh,2008-02-24,fdp,6.699999809265137,1,4.800000190734863
2015-02-15,hh,2011-02-20,fdp,7.400000095367432,1,6.699999809265137
2020-02-23,hh,2015-02-15,fdp,4.96,1,7.400000095367432
2020-02-23,hh,2015-02-15,fw,NA,0,NA
1978-06-04,hh,1974-03-03,gru,4.5,1,NA
1982-06-06,hh,1978-06-04,gru,7.699999809265137,1,4.5
1982-12-19,hh,1982-06-06,gru,6.800000190734863,1,7.699999809265137
1986-11-09,hh,1982-12-19,gru,10.399999618530273,1,6.800000190734863
1987-05-17,hh,1986-11-09,gru,7,1,10.399999618530273
1991-06-02,hh,1987-05-17,gru,7.199999809265137,1,7
1993-09-19,hh,1991-06-02,gru,13.5,1,7.199999809265137
1997-09-21,hh,1993-09-19,gru,13.899999618530273,1,13.5
2001-09-23,hh,1997-09-21,gru,8.600000381469727,1,13.899999618530273
2004-02-29,hh,2001-09-23,gru,12.300000190734863,1,8.600000381469727
2008-02-24,hh,2004-02-29,gru,9.600000381469727,1,12.300000190734863
2011-02-20,hh,2008-02-24,gru,11.199999809265137,1,9.600000381469727
2015-02-15,hh,2011-02-20,gru,12.300000190734863,1,11.199999809265137
2020-02-23,hh,2015-02-15,gru,24.2,1,12.300000190734863
1991-06-02,hh,1987-05-17,lin,0.5,1,NA
1993-09-19,hh,1991-06-02,lin,0.5,1,0.5
1997-09-21,hh,1993-09-19,lin,0.699999988079071,1,0.5
2001-09-23,hh,1997-09-21,lin,0.4000000059604645,1,0.699999988079071
2008-02-24,hh,2004-02-29,lin,6.400000095367432,1,0.4000000059604645
2011-02-20,hh,2008-02-24,lin,6.400000095367432,1,6.400000095367432
2015-02-15,hh,2011-02-20,lin,8.5,1,6.400000095367432
2020-02-23,hh,2015-02-15,lin,9.1,1,8.5
2020-02-23,hh,2015-02-15,npd,NA,0,NA
2020-02-23,hh,2015-02-15,pir,0.5,1,NA
1946-10-13,hh,NA,spd,43.099998474121094,1,NA
1949-10-16,hh,1946-10-13,spd,42.79999923706055,1,43.099998474121094
1953-11-01,hh,1949-10-16,spd,45.20000076293945,1,42.79999923706055
1957-11-10,hh,1953-11-01,spd,53.900001525878906,1,45.20000076293945
1961-11-12,hh,1957-11-10,spd,57.400001525878906,1,53.900001525878906
1966-03-27,hh,1961-11-12,spd,59,1,57.400001525878906
1970-03-22,hh,1966-03-27,spd,55.29999923706055,1,59
1974-03-03,hh,1970-03-22,spd,45,1,55.29999923706055
1978-06-04,hh,1974-03-03,spd,51.5,1,45
1982-06-06,hh,1978-06-04,spd,42.70000076293945,1,51.5
1982-12-19,hh,1982-06-06,spd,51.29999923706055,1,42.70000076293945
1986-11-09,hh,1982-12-19,spd,41.70000076293945,1,51.29999923706055
1987-05-17,hh,1986-11-09,spd,45,1,41.70000076293945
1991-06-02,hh,1987-05-17,spd,48,1,45
1993-09-19,hh,1991-06-02,spd,40.400001525878906,1,48
1997-09-21,hh,1993-09-19,spd,36.20000076293945,1,40.400001525878906
2001-09-23,hh,1997-09-21,spd,36.5,1,36.20000076293945
2004-02-29,hh,2001-09-23,spd,30.5,1,36.5
2008-02-24,hh,2004-02-29,spd,34.099998474121094,1,30.5
2011-02-20,hh,2008-02-24,spd,48.400001525878906,1,34.099998474121094
2015-02-15,hh,2011-02-20,spd,45.599998474121094,1,48.400001525878906
2020-02-23,hh,2015-02-15,spd,39.2,1,45.599998474121094
2016-09-04,mv,2011-09-04,afd,20.799999237060547,1,NA
2021-09-26,mv,2016-09-04,afd,16.7,1,20.799999237060547
2021-09-26,mv,2016-09-04,bsw,NA,0,NA
1990-10-14,mv,NA,cdu,38.29999923706055,1,NA
1994-10-16,mv,1990-10-14,cdu,37.70000076293945,1,38.29999923706055
1998-09-27,mv,1994-10-16,cdu,30.200000762939453,1,37.70000076293945
2002-09-22,mv,1998-09-27,cdu,31.399999618530273,1,30.200000762939453
2006-09-17,mv,2002-09-22,cdu,28.799999237060547,1,31.399999618530273
2011-09-04,mv,2006-09-17,cdu,23,1,28.799999237060547
2016-09-04,mv,2011-09-04,cdu,19,1,23
2021-09-26,mv,2016-09-04,cdu,13.3,1,19
1990-10-14,mv,NA,fdp,5.5,1,NA
1994-10-16,mv,1990-10-14,fdp,3.799999952316284,1,5.5
1998-09-27,mv,1994-10-16,fdp,1.600000023841858,1,3.799999952316284
2002-09-22,mv,1998-09-27,fdp,4.699999809265137,1,1.600000023841858
2006-09-17,mv,2002-09-22,fdp,9.600000381469727,1,4.699999809265137
2011-09-04,mv,2006-09-17,fdp,2.799999952316284,1,9.600000381469727
2016-09-04,mv,2011-09-04,fdp,3,1,2.799999952316284
2021-09-26,mv,2016-09-04,fdp,5.8,1,3
2021-09-26,mv,2016-09-04,fw,NA,0,NA
1994-10-16,mv,1990-10-14,gru,3.700000047683716,1,NA
1998-09-27,mv,1994-10-16,gru,2.700000047683716,1,3.700000047683716
2002-09-22,mv,1998-09-27,gru,2.5999999046325684,1,2.700000047683716
2006-09-17,mv,2002-09-22,gru,3.4000000953674316,1,2.5999999046325684
2011-09-04,mv,2006-09-17,gru,8.699999809265137,1,3.4000000953674316
2016-09-04,mv,2011-09-04,gru,4.800000190734863,1,8.699999809265137
2021-09-26,mv,2016-09-04,gru,6.3,1,4.800000190734863
1990-10-14,mv,NA,lin,15.699999809265137,1,NA
1994-10-16,mv,1990-10-14,lin,22.700000762939453,1,15.699999809265137
1998-09-27,mv,1994-10-16,lin,24.399999618530273,1,22.700000762939453
2002-09-22,mv,1998-09-27,lin,16.399999618530273,1,24.399999618530273
2006-09-17,mv,2002-09-22,lin,16.799999237060547,1,16.399999618530273
2011-09-04,mv,2006-09-17,lin,18.399999618530273,1,16.799999237060547
2016-09-04,mv,2011-09-04,lin,13.199999809265137,1,18.399999618530273
2021-09-26,mv,2016-09-04,lin,9.9,1,13.199999809265137
1990-10-14,mv,NA,npd,0.20000000298023224,1,NA
1994-10-16,mv,1990-10-14,npd,0.10000000149011612,1,0.20000000298023224
1998-09-27,mv,1994-10-16,npd,1.100000023841858,1,0.10000000149011612
2002-09-22,mv,1998-09-27,npd,0.800000011920929,1,1.100000023841858
2006-09-17,mv,2002-09-22,npd,7.300000190734863,1,0.800000011920929
2011-09-04,mv,2006-09-17,npd,6,1,7.300000190734863
2016-09-04,mv,2011-09-04,npd,3,1,6
2021-09-26,mv,2016-09-04,npd,0.8,1,3
2021-09-26,mv,2016-09-04,pir,NA,0,NA
1990-10-14,mv,NA,spd,27,1,NA
1994-10-16,mv,1990-10-14,spd,29.5,1,27
1998-09-27,mv,1994-10-16,spd,34.29999923706055,1,29.5
2002-09-22,mv,1998-09-27,spd,40.599998474121094,1,34.29999923706055
2006-09-17,mv,2002-09-22,spd,30.200000762939453,1,40.599998474121094
2011-09-04,mv,2006-09-17,spd,35.599998474121094,1,30.200000762939453
2016-09-04,mv,2011-09-04,spd,30.600000381469727,1,35.599998474121094
2021-09-26,mv,2016-09-04,spd,39.6,1,30.600000381469727
2017-10-15,ni,2013-01-20,afd,6.2,1,NA
2022-10-09,ni,2017-10-15,afd,11,1,6.2
2017-10-15,ni,2013-01-20,bsw,NA,0,NA
2022-10-09,ni,2017-10-15,bsw,NA,0,NA
1947-02-20,ni,NA,cdu,19.899999618530273,1,NA
1951-05-06,ni,1947-02-20,cdu,23.700000762939453,1,19.899999618530273
1955-04-24,ni,1951-05-06,cdu,26.600000381469727,1,23.700000762939453
1959-04-19,ni,1955-04-24,cdu,30.799999237060547,1,26.600000381469727
1963-05-19,ni,1959-04-19,cdu,37.70000076293945,1,30.799999237060547
1967-06-04,ni,1963-05-19,cdu,41.70000076293945,1,37.70000076293945
1970-06-14,ni,1967-06-04,cdu,45.70000076293945,1,41.70000076293945
1974-06-09,ni,1970-06-14,cdu,48.79999923706055,1,45.70000076293945
1978-06-04,ni,1974-06-09,cdu,48.70000076293945,1,48.79999923706055
1982-03-21,ni,1978-06-04,cdu,50.70000076293945,1,48.70000076293945
1986-06-15,ni,1982-03-21,cdu,44.29999923706055,1,50.70000076293945
1990-05-13,ni,1986-06-15,cdu,42,1,44.29999923706055
1994-03-13,ni,1990-05-13,cdu,36.400001525878906,1,42
1998-03-01,ni,1994-03-13,cdu,35.900001525878906,1,36.400001525878906
2003-02-02,ni,1998-03-01,cdu,48.29999923706055,1,35.900001525878906
2008-01-27,ni,2003-02-02,cdu,42.5,1,48.29999923706055
2013-01-20,ni,2008-01-27,cdu,36,1,42.5
2017-10-15,ni,2013-01-20,cdu,33.6,1,36
2022-10-09,ni,2017-10-15,cdu,28.1,1,33.6
1947-02-20,ni,NA,fdp,8.800000190734863,1,NA
1951-05-06,ni,1947-02-20,fdp,8.300000190734863,1,8.800000190734863
1955-04-24,ni,1951-05-06,fdp,7.900000095367432,1,8.300000190734863
1959-04-19,ni,1955-04-24,fdp,5.199999809265137,1,7.900000095367432
1963-05-19,ni,1959-04-19,fdp,8.800000190734863,1,5.199999809265137
1967-06-04,ni,1963-05-19,fdp,6.900000095367432,1,8.800000190734863
1970-06-14,ni,1967-06-04,fdp,4.400000095367432,1,6.900000095367432
1974-06-09,ni,1970-06-14,fdp,7,1,4.400000095367432
1978-06-04,ni,1974-06-09,fdp,4.199999809265137,1,7
1982-03-21,ni,1978-06-04,fdp,5.900000095367432,1,4.199999809265137
1986-06-15,ni,1982-03-21,fdp,6,1,5.900000095367432
1990-05-13,ni,1986-06-15,fdp,6,1,6
1994-03-13,ni,1990-05-13,fdp,4.400000095367432,1,6
1998-03-01,ni,1994-03-13,fdp,4.900000095367432,1,4.400000095367432
2003-02-02,ni,1998-03-01,fdp,8.100000381469727,1,4.900000095367432
2008-01-27,ni,2003-02-02,fdp,8.199999809265137,1,8.100000381469727
2013-01-20,ni,2008-01-27,fdp,9.899999618530273,1,8.199999809265137
2017-10-15,ni,2013-01-20,fdp,7.5,1,9.899999618530273
2022-10-09,ni,2017-10-15,fdp,4.7,1,7.5
2017-10-15,ni,2013-01-20,fw,NA,0,NA
2022-10-09,ni,2017-10-15,fw,NA,0,NA
1978-06-04,ni,1974-06-09,gru,3.9000000953674316,1,NA
1982-03-21,ni,1978-06-04,gru,6.5,1,3.9000000953674316
1986-06-15,ni,1982-03-21,gru,7.099999904632568,1,6.5
1990-05-13,ni,1986-06-15,gru,5.5,1,7.099999904632568
1994-03-13,ni,1990-05-13,gru,7.400000095367432,1,5.5
1998-03-01,ni,1994-03-13,gru,7,1,7.400000095367432
2003-02-02,ni,1998-03-01,gru,7.599999904632568,1,7
2008-01-27,ni,2003-02-02,gru,8,1,7.599999904632568
2013-01-20,ni,2008-01-27,gru,13.699999809265137,1,8
2017-10-15,ni,2013-01-20,gru,8.7,1,13.699999809265137
2022-10-09,ni,2017-10-15,gru,14.5,1,8.7
2003-02-02,ni,1998-03-01,lin,0.5,1,NA
2008-01-27,ni,2003-02-02,lin,7.099999904632568,1,0.5
2013-01-20,ni,2008-01-27,lin,3.0999999046325684,1,7.099999904632568
2017-10-15,ni,2013-01-20,lin,4.6,1,3.0999999046325684
2022-10-09,ni,2017-10-15,lin,2.7,1,4.6
1947-02-20,ni,NA,npd,17.899999618530273,1,NA
1955-04-24,ni,1951-05-06,npd,12.399999618530273,1,17.899999618530273
1959-04-19,ni,1955-04-24,npd,12.399999618530273,1,12.399999618530273
1963-05-19,ni,1959-04-19,npd,2.700000047683716,1,12.399999618530273
2017-10-15,ni,2013-01-20,npd,NA,0,2.700000047683716
2022-10-09,ni,2017-10-15,npd,NA,0,NA
2017-10-15,ni,2013-01-20,pir,NA,0,NA
2022-10-09,ni,2017-10-15,pir,NA,0,NA
1947-02-20,ni,NA,spd,43.400001525878906,1,NA
1951-05-06,ni,1947-02-20,spd,33.70000076293945,1,43.400001525878906
1955-04-24,ni,1951-05-06,spd,35.20000076293945,1,33.70000076293945
1959-04-19,ni,1955-04-24,spd,39.5,1,35.20000076293945
1963-05-19,ni,1959-04-19,spd,44.900001525878906,1,39.5
1967-06-04,ni,1963-05-19,spd,43.099998474121094,1,44.900001525878906
1970-06-14,ni,1967-06-04,spd,46.29999923706055,1,43.099998474121094
1974-06-09,ni,1970-06-14,spd,43.099998474121094,1,46.29999923706055
1978-06-04,ni,1974-06-09,spd,42.20000076293945,1,43.099998474121094
1982-03-21,ni,1978-06-04,spd,36.5,1,42.20000076293945
1986-06-15,ni,1982-03-21,spd,42.099998474121094,1,36.5
1990-05-13,ni,1986-06-15,spd,44.20000076293945,1,42.099998474121094
1994-03-13,ni,1990-05-13,spd,44.29999923706055,1,44.20000076293945
1998-03-01,ni,1994-03-13,spd,47.900001525878906,1,44.29999923706055
2003-02-02,ni,1998-03-01,spd,33.400001525878906,1,47.900001525878906
2008-01-27,ni,2003-02-02,spd,30.299999237060547,1,33.400001525878906
2013-01-20,ni,2008-01-27,spd,32.599998474121094,1,30.299999237060547
2017-10-15,ni,2013-01-20,spd,36.9,1,32.599998474121094
2022-10-09,ni,2017-10-15,spd,33.4,1,36.9
2017-05-14,nw,2012-05-13,afd,7.4,1,NA
2022-05-15,nw,2017-05-14,afd,5.4,1,7.4
2017-05-14,nw,2012-05-13,bsw,NA,0,NA
2022-05-15,nw,2017-05-14,bsw,NA,0,NA
1947-04-20,nw,NA,cdu,37.599998474121094,1,NA
1950-06-18,nw,1947-04-20,cdu,36.900001525878906,1,37.599998474121094
1954-06-27,nw,1950-06-18,cdu,41.29999923706055,1,36.900001525878906
1958-07-06,nw,1954-06-27,cdu,50.5,1,41.29999923706055
1962-07-08,nw,1958-07-06,cdu,46.400001525878906,1,50.5
1966-07-10,nw,1962-07-08,cdu,42.79999923706055,1,46.400001525878906
1970-06-14,nw,1966-07-10,cdu,46.29999923706055,1,42.79999923706055
1975-05-04,nw,1970-06-14,cdu,47.099998474121094,1,46.29999923706055
1980-05-11,nw,1975-05-04,cdu,43.20000076293945,1,47.099998474121094
1985-05-12,nw,1980-05-11,cdu,36.5,1,43.20000076293945
1990-05-13,nw,1985-05-12,cdu,36.70000076293945,1,36.5
1995-05-14,nw,1990-05-13,cdu,37.70000076293945,1,36.70000076293945
2000-05-14,nw,1995-05-14,cdu,37,1,37.70000076293945
2005-05-22,nw,2000-05-14,cdu,44.79999923706055,1,37
2010-05-09,nw,2005-05-22,cdu,34.599998474121094,1,44.79999923706055
2012-05-13,nw,2010-05-09,cdu,26.299999237060547,1,34.599998474121094
2017-05-14,nw,2012-05-13,cdu,33,1,26.299999237060547
2022-05-15,nw,2017-05-14,cdu,35.7,1,33
1947-04-20,nw,NA,fdp,5.900000095367432,1,NA
1950-06-18,nw,1947-04-20,fdp,12.100000381469727,1,5.900000095367432
1954-06-27,nw,1950-06-18,fdp,11.5,1,12.100000381469727
1958-07-06,nw,1954-06-27,fdp,7.099999904632568,1,11.5
1962-07-08,nw,1958-07-06,fdp,6.800000190734863,1,7.099999904632568
1966-07-10,nw,1962-07-08,fdp,7.400000095367432,1,6.800000190734863
1970-06-14,nw,1966-07-10,fdp,5.5,1,7.400000095367432
1975-05-04,nw,1970-06-14,fdp,6.699999809265137,1,5.5
1980-05-11,nw,1975-05-04,fdp,4.980000019073486,1,6.699999809265137
1985-05-12,nw,1980-05-11,fdp,6,1,4.980000019073486
1990-05-13,nw,1985-05-12,fdp,5.800000190734863,1,6
1995-05-14,nw,1990-05-13,fdp,4,1,5.800000190734863
2000-05-14,nw,1995-05-14,fdp,9.800000190734863,1,4
2005-05-22,nw,2000-05-14,fdp,6.199999809265137,1,9.800000190734863
2010-05-09,nw,2005-05-22,fdp,6.699999809265137,1,6.199999809265137
2012-05-13,nw,2010-05-09,fdp,8.600000381469727,1,6.699999809265137
2017-05-14,nw,2012-05-13,fdp,12.6,1,8.600000381469727
2022-05-15,nw,2017-05-14,fdp,5.9,1,12.6
2017-05-14,nw,2012-05-13,fw,NA,0,NA
2022-05-15,nw,2017-05-14,fw,NA,0,NA
1980-05-11,nw,1975-05-04,gru,3,1,NA
1985-05-12,nw,1980-05-11,gru,4.599999904632568,1,3
1990-05-13,nw,1985-05-12,gru,5,1,4.599999904632568
1995-05-14,nw,1990-05-13,gru,10,1,5
2000-05-14,nw,1995-05-14,gru,7.099999904632568,1,10
2005-05-22,nw,2000-05-14,gru,6.199999809265137,1,7.099999904632568
2010-05-09,nw,2005-05-22,gru,12.100000381469727,1,6.199999809265137
2012-05-13,nw,2010-05-09,gru,11.300000190734863,1,12.100000381469727
2017-05-14,nw,2012-05-13,gru,6.4,1,11.300000190734863
2022-05-15,nw,2017-05-14,gru,18.2,1,6.4
2000-05-14,nw,1995-05-14,lin,1.100000023841858,1,NA
2005-05-22,nw,2000-05-14,lin,0.8999999761581421,1,1.100000023841858
2010-05-09,nw,2005-05-22,lin,5.599999904632568,1,0.8999999761581421
2012-05-13,nw,2010-05-09,lin,2.5,1,5.599999904632568
2017-05-14,nw,2012-05-13,lin,4.9,1,2.5
2022-05-15,nw,2017-05-14,lin,2.1,1,4.9
1970-06-14,nw,1966-07-10,npd,1.100000023841858,1,NA
1975-05-04,nw,1970-06-14,npd,0.4000000059604645,1,1.100000023841858
2000-05-14,nw,1995-05-14,npd,0,1,0.4000000059604645
2005-05-22,nw,2000-05-14,npd,0.8999999761581421,1,0
2010-05-09,nw,2005-05-22,npd,0.699999988079071,1,0.8999999761581421
2012-05-13,nw,2010-05-09,npd,0.5,1,0.699999988079071
2017-05-14,nw,2012-05-13,npd,NA,0,0.5
2022-05-15,nw,2017-05-14,npd,NA,0,NA
2017-05-14,nw,2012-05-13,pir,1,1,NA
2022-05-15,nw,2017-05-14,pir,0.3,1,1
1947-04-20,nw,NA,spd,32,1,NA
1950-06-18,nw,1947-04-20,spd,32.29999923706055,1,32
1954-06-27,nw,1950-06-18,spd,34.5,1,32.29999923706055
1958-07-06,nw,1954-06-27,spd,39.20000076293945,1,34.5
1962-07-08,nw,1958-07-06,spd,43.29999923706055,1,39.20000076293945
1966-07-10,nw,1962-07-08,spd,49.5,1,43.29999923706055
1970-06-14,nw,1966-07-10,spd,46.099998474121094,1,49.5
1975-05-04,nw,1970-06-14,spd,45.099998474121094,1,46.099998474121094
1980-05-11,nw,1975-05-04,spd,48.400001525878906,1,45.099998474121094
1985-05-12,nw,1980-05-11,spd,52.099998474121094,1,48.400001525878906
1990-05-13,nw,1985-05-12,spd,50,1,52.099998474121094
1995-05-14,nw,1990-05-13,spd,46,1,50
2000-05-14,nw,1995-05-14,spd,42.79999923706055,1,46
2005-05-22,nw,2000-05-14,spd,37.099998474121094,1,42.79999923706055
2010-05-09,nw,2005-05-22,spd,34.5,1,37.099998474121094
2012-05-13,nw,2010-05-09,spd,39.099998474121094,1,34.5
2017-05-14,nw,2012-05-13,spd,31.2,1,39.099998474121094
2022-05-15,nw,2017-05-14,spd,26.7,1,31.2
2016-03-13,rp,2011-03-27,afd,12.600000381469727,1,NA
2021-03-14,rp,2016-03-13,afd,8.3,1,12.600000381469727
2021-03-14,rp,2016-03-13,bsw,NA,0,NA
1947-05-18,rp,NA,cdu,47.20000076293945,1,NA
1951-04-29,rp,1947-05-18,cdu,39.20000076293945,1,47.20000076293945
1955-05-15,rp,1951-04-29,cdu,46.79999923706055,1,39.20000076293945
1959-04-19,rp,1955-05-15,cdu,48.400001525878906,1,46.79999923706055
1963-03-31,rp,1959-04-19,cdu,44.400001525878906,1,48.400001525878906
1967-04-23,rp,1963-03-31,cdu,46.70000076293945,1,44.400001525878906
1971-03-21,rp,1967-04-23,cdu,50,1,46.70000076293945
1975-03-09,rp,1971-03-21,cdu,53.900001525878906,1,50
1979-03-18,rp,1975-03-09,cdu,50.099998474121094,1,53.900001525878906
1983-03-06,rp,1979-03-18,cdu,51.900001525878906,1,50.099998474121094
1987-05-17,rp,1983-03-06,cdu,45.099998474121094,1,51.900001525878906
1991-04-21,rp,1987-05-17,cdu,38.70000076293945,1,45.099998474121094
1996-03-24,rp,1991-04-21,cdu,38.70000076293945,1,38.70000076293945
2001-03-25,rp,1996-03-24,cdu,35.29999923706055,1,38.70000076293945
2006-03-26,rp,2001-03-25,cdu,32.79999923706055,1,35.29999923706055
2011-03-27,rp,2006-03-26,cdu,35.20000076293945,1,32.79999923706055
2016-03-13,rp,2011-03-27,cdu,31.799999237060547,1,35.20000076293945
2021-03-14,rp,2016-03-13,cdu,27.7,1,31.799999237060547
1947-05-18,rp,NA,fdp,9.800000190734863,1,NA
1951-04-29,rp,1947-05-18,fdp,16.700000762939453,1,9.800000190734863
1955-05-15,rp,1951-04-29,fdp,12.699999809265137,1,16.700000762939453
1959-04-19,rp,1955-05-15,fdp,9.699999809265137,1,12.699999809265137
1963-03-31,rp,1959-04-19,fdp,10.100000381469727,1,9.699999809265137
1967-04-23,rp,1963-03-31,fdp,8.300000190734863,1,10.100000381469727
1971-03-21,rp,1967-04-23,fdp,5.900000095367432,1,8.300000190734863
1975-03-09,rp,1971-03-21,fdp,5.599999904632568,1,5.900000095367432
1979-03-18,rp,1975-03-09,fdp,6.400000095367432,1,5.599999904632568
1983-03-06,rp,1979-03-18,fdp,3.5,1,6.400000095367432
1987-05-17,rp,1983-03-06,fdp,7.300000190734863,1,3.5
1991-04-21,rp,1987-05-17,fdp,6.900000095367432,1,7.300000190734863
1996-03-24,rp,1991-04-21,fdp,8.899999618530273,1,6.900000095367432
2001-03-25,rp,1996-03-24,fdp,7.800000190734863,1,8.899999618530273
2006-03-26,rp,2001-03-25,fdp,8,1,7.800000190734863
2011-03-27,rp,2006-03-26,fdp,4.199999809265137,1,8
2016-03-13,rp,2011-03-27,fdp,6.199999809265137,1,4.199999809265137
2021-03-14,rp,2016-03-13,fdp,5.5,1,6.199999809265137
2021-03-14,rp,2016-03-13,fw,5.4,1,NA
1983-03-06,rp,1979-03-18,gru,4.5,1,NA
1987-05-17,rp,1983-03-06,gru,5.900000095367432,1,4.5
1991-04-21,rp,1987-05-17,gru,6.5,1,5.900000095367432
1996-03-24,rp,1991-04-21,gru,6.900000095367432,1,6.5
2001-03-25,rp,1996-03-24,gru,5.199999809265137,1,6.900000095367432
2006-03-26,rp,2001-03-25,gru,4.599999904632568,1,5.199999809265137
2011-03-27,rp,2006-03-26,gru,15.399999618530273,1,4.599999904632568
2016-03-13,rp,2011-03-27,gru,5.300000190734863,1,15.399999618530273
2021-03-14,rp,2016-03-13,gru,9.3,1,5.300000190734863
2006-03-26,rp,2001-03-25,lin,2.5,1,NA
2011-03-27,rp,2006-03-26,lin,3,1,2.5
2016-03-13,rp,2011-03-27,lin,2.799999952316284,1,3
2021-03-14,rp,2016-03-13,lin,2.5,1,2.799999952316284
2021-03-14,rp,2016-03-13,npd,NA,0,NA
2021-03-14,rp,2016-03-13,pir,NA,0,NA
1947-05-18,rp,NA,spd,34.29999923706055,1,NA
1951-04-29,rp,1947-05-18,spd,34,1,34.29999923706055
1955-05-15,rp,1951-04-29,spd,31.700000762939453,1,34
1959-04-19,rp,1955-05-15,spd,34.900001525878906,1,31.700000762939453
1963-03-31,rp,1959-04-19,spd,40.70000076293945,1,34.900001525878906
1967-04-23,rp,1963-03-31,spd,36.79999923706055,1,40.70000076293945
1971-03-21,rp,1967-04-23,spd,40.5,1,36.79999923706055
1975-03-09,rp,1971-03-21,spd,38.5,1,40.5
1979-03-18,rp,1975-03-09,spd,42.29999923706055,1,38.5
1983-03-06,rp,1979-03-18,spd,39.599998474121094,1,42.29999923706055
1987-05-17,rp,1983-03-06,spd,38.79999923706055,1,39.599998474121094
1991-04-21,rp,1987-05-17,spd,44.79999923706055,1,38.79999923706055
1996-03-24,rp,1991-04-21,spd,39.79999923706055,1,44.79999923706055
2001-03-25,rp,1996-03-24,spd,44.70000076293945,1,39.79999923706055
2006-03-26,rp,2001-03-25,spd,45.599998474121094,1,44.70000076293945
2011-03-27,rp,2006-03-26,spd,35.70000076293945,1,45.599998474121094
2016-03-13,rp,2011-03-27,spd,36.20000076293945,1,35.70000076293945
2021-03-14,rp,2016-03-13,spd,35.7,1,36.20000076293945
2017-05-07,sh,2012-05-06,afd,5.9,1,NA
2022-05-08,sh,2017-05-07,afd,4.4,1,5.9
2017-05-07,sh,2012-05-06,bsw,NA,0,NA
2022-05-08,sh,2017-05-07,bsw,NA,0,NA
1947-02-20,sh,NA,cdu,34.099998474121094,1,NA
1950-07-09,sh,1947-02-20,cdu,19.799999237060547,1,34.099998474121094
1954-09-12,sh,1950-07-09,cdu,32.20000076293945,1,19.799999237060547
1958-11-28,sh,1954-09-12,cdu,44.400001525878906,1,32.20000076293945
1962-11-23,sh,1958-11-28,cdu,45,1,44.400001525878906
1967-04-23,sh,1962-11-23,cdu,46,1,45
1971-04-25,sh,1967-04-23,cdu,51.900001525878906,1,46
1975-04-13,sh,1971-04-25,cdu,50.400001525878906,1,51.900001525878906
1979-04-29,sh,1975-04-13,cdu,48.29999923706055,1,50.400001525878906
1983-03-13,sh,1979-04-29,cdu,49,1,48.29999923706055
1987-09-13,sh,1983-03-13,cdu,42.599998474121094,1,49
1988-05-08,sh,1987-09-13,cdu,33.29999923706055,1,42.599998474121094
1992-04-05,sh,1988-05-08,cdu,33.79999923706055,1,33.29999923706055
1996-03-24,sh,1992-04-05,cdu,37.20000076293945,1,33.79999923706055
2000-02-27,sh,1996-03-24,cdu,35.20000076293945,1,37.20000076293945
2005-02-20,sh,2000-02-27,cdu,40.20000076293945,1,35.20000076293945
2009-09-27,sh,2005-02-20,cdu,31.5,1,40.20000076293945
2012-05-06,sh,2009-09-27,cdu,30.799999237060547,1,31.5
2017-05-07,sh,2012-05-06,cdu,32,1,30.799999237060547
2022-05-08,sh,2017-05-07,cdu,43.4,1,32
1947-02-20,sh,NA,fdp,5,1,NA
1950-07-09,sh,1947-02-20,fdp,7.099999904632568,1,5
1954-09-12,sh,1950-07-09,fdp,7.5,1,7.099999904632568
1958-11-28,sh,1954-09-12,fdp,5.400000095367432,1,7.5
1962-11-23,sh,1958-11-28,fdp,7.900000095367432,1,5.400000095367432
1967-04-23,sh,1962-11-23,fdp,5.900000095367432,1,7.900000095367432
1971-04-25,sh,1967-04-23,fdp,3.799999952316284,1,5.900000095367432
1975-04-13,sh,1971-04-25,fdp,7.099999904632568,1,3.799999952316284
1979-04-29,sh,1975-04-13,fdp,5.699999809265137,1,7.099999904632568
1983-03-13,sh,1979-04-29,fdp,2.200000047683716,1,5.699999809265137
1987-09-13,sh,1983-03-13,fdp,5.199999809265137,1,2.200000047683716
1988-05-08,sh,1987-09-13,fdp,4.400000095367432,1,5.199999809265137
1992-04-05,sh,1988-05-08,fdp,5.599999904632568,1,4.400000095367432
1996-03-24,sh,1992-04-05,fdp,5.699999809265137,1,5.599999904632568
2000-02-27,sh,1996-03-24,fdp,7.599999904632568,1,5.699999809265137
2005-02-20,sh,2000-02-27,fdp,6.599999904632568,1,7.599999904632568
2009-09-27,sh,2005-02-20,fdp,14.899999618530273,1,6.599999904632568
2012-05-06,sh,2009-09-27,fdp,8.199999809265137,1,14.899999618530273
2017-05-07,sh,2012-05-06,fdp,11.5,1,8.199999809265137
2022-05-08,sh,2017-05-07,fdp,6.4,1,11.5
2017-05-07,sh,2012-05-06,fw,NA,0,NA
2022-05-08,sh,2017-05-07,fw,NA,0,NA
1979-04-29,sh,1975-04-13,gru,2.4000000953674316,1,NA
1983-03-13,sh,1979-04-29,gru,3.5999999046325684,1,2.4000000953674316
1987-09-13,sh,1983-03-13,gru,3.9000000953674316,1,3.5999999046325684
1988-05-08,sh,1987-09-13,gru,2.9000000953674316,1,3.9000000953674316
1992-04-05,sh,1988-05-08,gru,4.96999979019165,1,2.9000000953674316
1996-03-24,sh,1992-04-05,gru,8.100000381469727,1,4.96999979019165
2000-02-27,sh,1996-03-24,gru,6.199999809265137,1,8.100000381469727
2005-02-20,sh,2000-02-27,gru,6.199999809265137,1,6.199999809265137
2009-09-27,sh,2005-02-20,gru,12.399999618530273,1,6.199999809265137
2012-05-06,sh,2009-09-27,gru,13.199999809265137,1,12.399999618530273
2017-05-07,sh,2012-05-06,gru,12.9,1,13.199999809265137
2022-05-08,sh,2017-05-07,gru,18.3,1,12.9
2000-02-27,sh,1996-03-24,lin,1.399999976158142,1,NA
2005-02-20,sh,2000-02-27,lin,0.800000011920929,1,1.399999976158142
2009-09-27,sh,2005-02-20,lin,6,1,0.800000011920929
2012-05-06,sh,2009-09-27,lin,2.299999952316284,1,6
2017-05-07,sh,2012-05-06,lin,3.8,1,2.299999952316284
2022-05-08,sh,2017-05-07,lin,1.7,1,3.8
2017-05-07,sh,2012-05-06,npd,NA,0,NA
2022-05-08,sh,2017-05-07,npd,NA,0,NA
2017-05-07,sh,2012-05-06,pir,1.2,1,NA
2022-05-08,sh,2017-05-07,pir,0.3,1,1.2
1947-02-20,sh,NA,spd,43.79999923706055,1,NA
1950-07-09,sh,1947-02-20,spd,27.5,1,43.79999923706055
1954-09-12,sh,1950-07-09,spd,33.20000076293945,1,27.5
1958-11-28,sh,1954-09-12,spd,35.900001525878906,1,33.20000076293945
1962-11-23,sh,1958-11-28,spd,39.20000076293945,1,35.900001525878906
1967-04-23,sh,1962-11-23,spd,39.400001525878906,1,39.20000076293945
1971-04-25,sh,1967-04-23,spd,41,1,39.400001525878906
1975-04-13,sh,1971-04-25,spd,40.099998474121094,1,41
1979-04-29,sh,1975-04-13,spd,41.70000076293945,1,40.099998474121094
1983-03-13,sh,1979-04-29,spd,43.70000076293945,1,41.70000076293945
1987-09-13,sh,1983-03-13,spd,45.20000076293945,1,43.70000076293945
1988-05-08,sh,1987-09-13,spd,54.79999923706055,1,45.20000076293945
1992-04-05,sh,1988-05-08,spd,46.20000076293945,1,54.79999923706055
1996-03-24,sh,1992-04-05,spd,39.79999923706055,1,46.20000076293945
2000-02-27,sh,1996-03-24,spd,43.099998474121094,1,39.79999923706055
2005-02-20,sh,2000-02-27,spd,38.70000076293945,1,43.099998474121094
2009-09-27,sh,2005-02-20,spd,25.399999618530273,1,38.70000076293945
2012-05-06,sh,2009-09-27,spd,30.399999618530273,1,25.399999618530273
2017-05-07,sh,2012-05-06,spd,27.3,1,30.399999618530273
2022-05-08,sh,2017-05-07,spd,16,1,27.3
2017-03-26,sl,2012-03-25,afd,6.2,1,NA
2022-03-27,sl,2017-03-26,afd,5.7,1,6.2
2017-03-26,sl,2012-03-25,bsw,NA,0,NA
2022-03-27,sl,2017-03-26,bsw,NA,0,NA
1955-12-18,sl,1947-10-05,cdu,25.399999618530273,1,NA
1960-12-04,sl,1955-12-18,cdu,36.599998474121094,1,25.399999618530273
1965-06-27,sl,1960-12-04,cdu,42.70000076293945,1,36.599998474121094
1970-06-14,sl,1965-06-27,cdu,47.79999923706055,1,42.70000076293945
1975-05-04,sl,1970-06-14,cdu,49.099998474121094,1,47.79999923706055
1980-04-27,sl,1975-05-04,cdu,44,1,49.099998474121094
1985-03-10,sl,1980-04-27,cdu,37.29999923706055,1,44
1990-01-28,sl,1985-03-10,cdu,33.400001525878906,1,37.29999923706055
1994-10-16,sl,1990-01-28,cdu,38.599998474121094,1,33.400001525878906
1999-09-05,sl,1994-10-16,cdu,45.5,1,38.599998474121094
2004-09-05,sl,1999-09-05,cdu,47.5,1,45.5
2009-08-30,sl,2004-09-05,cdu,34.5,1,47.5
2012-03-25,sl,2009-08-30,cdu,35.20000076293945,1,34.5
2017-03-26,sl,2012-03-25,cdu,40.7,1,35.20000076293945
2022-03-27,sl,2017-03-26,cdu,28.5,1,40.7
1947-10-05,sl,NA,fdp,7.599999904632568,1,NA
1955-12-18,sl,1947-10-05,fdp,24.200000762939453,1,7.599999904632568
1960-12-04,sl,1955-12-18,fdp,13.800000190734863,1,24.200000762939453
1965-06-27,sl,1960-12-04,fdp,8.300000190734863,1,13.800000190734863
1970-06-14,sl,1965-06-27,fdp,4.400000095367432,1,8.300000190734863
1975-05-04,sl,1970-06-14,fdp,7.400000095367432,1,4.400000095367432
1980-04-27,sl,1975-05-04,fdp,6.900000095367432,1,7.400000095367432
1985-03-10,sl,1980-04-27,fdp,10,1,6.900000095367432
1990-01-28,sl,1985-03-10,fdp,5.599999904632568,1,10
1994-10-16,sl,1990-01-28,fdp,2.0999999046325684,1,5.599999904632568
1999-09-05,sl,1994-10-16,fdp,2.5999999046325684,1,2.0999999046325684
2004-09-05,sl,1999-09-05,fdp,5.199999809265137,1,2.5999999046325684
2009-08-30,sl,2004-09-05,fdp,9.199999809265137,1,5.199999809265137
2012-03-25,sl,2009-08-30,fdp,1.2000000476837158,1,9.199999809265137
2017-03-26,sl,2012-03-25,fdp,3.3,1,1.2000000476837158
2022-03-27,sl,2017-03-26,fdp,4.8,1,3.3
2017-03-26,sl,2012-03-25,fw,NA,0,NA
2022-03-27,sl,2017-03-26,fw,NA,0,NA
1980-04-27,sl,1975-05-04,gru,2.9000000953674316,1,NA
1985-03-10,sl,1980-04-27,gru,2.5,1,2.9000000953674316
1990-01-28,sl,1985-03-10,gru,2.5999999046325684,1,2.5
1994-10-16,sl,1990-01-28,gru,5.5,1,2.5999999046325684
1999-09-05,sl,1994-10-16,gru,3.200000047683716,1,5.5
2004-09-05,sl,1999-09-05,gru,5.599999904632568,1,3.200000047683716
2009-08-30,sl,2004-09-05,gru,5.900000095367432,1,5.599999904632568
2012-03-25,sl,2009-08-30,gru,5,1,5.900000095367432
2017-03-26,sl,2012-03-25,gru,4,1,5
2022-03-27,sl,2017-03-26,gru,4.995,1,4
1999-09-05,sl,1994-10-16,lin,0.800000011920929,1,NA
2004-09-05,sl,1999-09-05,lin,2.299999952316284,1,0.800000011920929
2009-08-30,sl,2004-09-05,lin,21.299999237060547,1,2.299999952316284
2012-03-25,sl,2009-08-30,lin,16.100000381469727,1,21.299999237060547
2017-03-26,sl,2012-03-25,lin,12.8,1,16.100000381469727
2022-03-27,sl,2017-03-26,lin,2.6,1,12.8
1970-06-14,sl,1965-06-27,npd,3.4000000953674316,1,NA
1975-05-04,sl,1970-06-14,npd,0.699999988079071,1,3.4000000953674316
1985-03-10,sl,1980-04-27,npd,0.699999988079071,1,0.699999988079071
1990-01-28,sl,1985-03-10,npd,0.20000000298023224,1,0.699999988079071
2004-09-05,sl,1999-09-05,npd,4,1,0.20000000298023224
2009-08-30,sl,2004-09-05,npd,1.5,1,4
2012-03-25,sl,2009-08-30,npd,1.2000000476837158,1,1.5
2017-03-26,sl,2012-03-25,npd,NA,0,1.2000000476837158
2022-03-27,sl,2017-03-26,npd,NA,0,NA
2017-03-26,sl,2012-03-25,pir,0.7,1,NA
2022-03-27,sl,2017-03-26,pir,NA,0,0.7
1955-12-18,sl,1947-10-05,spd,14.300000190734863,1,NA
1960-12-04,sl,1955-12-18,spd,30,1,14.300000190734863
1965-06-27,sl,1960-12-04,spd,40.70000076293945,1,30
1970-06-14,sl,1965-06-27,spd,40.79999923706055,1,40.70000076293945
1975-05-04,sl,1970-06-14,spd,41.79999923706055,1,40.79999923706055
1980-04-27,sl,1975-05-04,spd,45.400001525878906,1,41.79999923706055
1985-03-10,sl,1980-04-27,spd,49.20000076293945,1,45.400001525878906
1990-01-28,sl,1985-03-10,spd,54.400001525878906,1,49.20000076293945
1994-10-16,sl,1990-01-28,spd,49.400001525878906,1,54.400001525878906
1999-09-05,sl,1994-10-16,spd,44.400001525878906,1,49.400001525878906
2004-09-05,sl,1999-09-05,spd,30.799999237060547,1,44.400001525878906
2009-08-30,sl,2004-09-05,spd,24.5,1,30.799999237060547
2012-03-25,sl,2009-08-30,spd,30.600000381469727,1,24.5
2017-03-26,sl,2012-03-25,spd,29.6,1,30.600000381469727
2022-03-27,sl,2017-03-26,spd,43.5,1,29.6
2014-08-31,sn,2009-08-30,afd,9.699999809265137,1,NA
2019-09-01,sn,2014-08-31,afd,27.5,1,9.699999809265137
2019-09-01,sn,2014-08-31,bsw,NA,0,NA
1990-10-14,sn,NA,cdu,53.79999923706055,1,NA
1994-09-11,sn,1990-10-14,cdu,58.099998474121094,1,53.79999923706055
1999-09-19,sn,1994-09-11,cdu,56.900001525878906,1,58.099998474121094
2004-09-19,sn,1999-09-19,cdu,41.099998474121094,1,56.900001525878906
2009-08-30,sn,2004-09-19,cdu,40.20000076293945,1,41.099998474121094
2014-08-31,sn,2009-08-30,cdu,39,1,40.20000076293945
2019-09-01,sn,2014-08-31,cdu,32.1,1,39
1990-10-14,sn,NA,fdp,5.300000190734863,1,NA
1994-09-11,sn,1990-10-14,fdp,1.7000000476837158,1,5.300000190734863
1999-09-19,sn,1994-09-11,fdp,1.100000023841858,1,1.7000000476837158
2004-09-19,sn,1999-09-19,fdp,5.900000095367432,1,1.100000023841858
2009-08-30,sn,2004-09-19,fdp,10,1,5.900000095367432
2014-08-31,sn,2009-08-30,fdp,3.799999952316284,1,10
2019-09-01,sn,2014-08-31,fdp,4.5,1,3.799999952316284
2019-09-01,sn,2014-08-31,fw,3.4,1,NA
1990-10-14,sn,NA,gru,5.599999904632568,1,NA
1994-09-11,sn,1990-10-14,gru,4.099999904632568,1,5.599999904632568
1999-09-19,sn,1994-09-11,gru,2.5999999046325684,1,4.099999904632568
2004-09-19,sn,1999-09-19,gru,5.099999904632568,1,2.5999999046325684
2009-08-30,sn,2004-09-19,gru,6.400000095367432,1,5.099999904632568
2014-08-31,sn,2009-08-30,gru,5.699999809265137,1,6.400000095367432
2019-09-01,sn,2014-08-31,gru,8.6,1,5.699999809265137
1990-10-14,sn,NA,lin,10.199999809265137,1,NA
1994-09-11,sn,1990-10-14,lin,16.5,1,10.199999809265137
1999-09-19,sn,1994-09-11,lin,22.200000762939453,1,16.5
2004-09-19,sn,1999-09-19,lin,23.600000381469727,1,22.200000762939453
2009-08-30,sn,2004-09-19,lin,20.600000381469727,1,23.600000381469727
2014-08-31,sn,2009-08-30,lin,18.899999618530273,1,20.600000381469727
2019-09-01,sn,2014-08-31,lin,10.4,1,18.899999618530273
1990-10-14,sn,NA,npd,0.699999988079071,1,NA
1999-09-19,sn,1994-09-11,npd,1.399999976158142,1,0.699999988079071
2004-09-19,sn,1999-09-19,npd,9.199999809265137,1,1.399999976158142
2009-08-30,sn,2004-09-19,npd,5.599999904632568,1,9.199999809265137
2014-08-31,sn,2009-08-30,npd,4.949999809265137,1,5.599999904632568
2019-09-01,sn,2014-08-31,npd,NA,0,4.949999809265137
2019-09-01,sn,2014-08-31,pir,NA,0,NA
1990-10-14,sn,NA,spd,19.100000381469727,1,NA
1994-09-11,sn,1990-10-14,spd,16.600000381469727,1,19.100000381469727
1999-09-19,sn,1994-09-11,spd,10.699999809265137,1,16.600000381469727
2004-09-19,sn,1999-09-19,spd,9.800000190734863,1,10.699999809265137
2009-08-30,sn,2004-09-19,spd,10.399999618530273,1,9.800000190734863
2014-08-31,sn,2009-08-30,spd,12.399999618530273,1,10.399999618530273
2019-09-01,sn,2014-08-31,spd,7.7,1,12.399999618530273
2016-03-13,st,2011-03-20,afd,24.299999237060547,1,NA
2021-06-06,st,2016-03-13,afd,20.8,1,24.299999237060547
2021-06-06,st,2016-03-13,bsw,NA,0,NA
1990-10-14,st,NA,cdu,39,1,NA
1994-06-26,st,1990-10-14,cdu,34.400001525878906,1,39
1998-04-26,st,1994-06-26,cdu,22,1,34.400001525878906
2002-04-21,st,1998-04-26,cdu,37.29999923706055,1,22
2006-03-26,st,2002-04-21,cdu,36.20000076293945,1,37.29999923706055
2011-03-20,st,2006-03-26,cdu,32.5,1,36.20000076293945
2016-03-13,st,2011-03-20,cdu,29.799999237060547,1,32.5
2021-06-06,st,2016-03-13,cdu,37.1,1,29.799999237060547
1990-10-14,st,NA,fdp,13.5,1,NA
1994-06-26,st,1990-10-14,fdp,3.5999999046325684,1,13.5
1998-04-26,st,1994-06-26,fdp,4.199999809265137,1,3.5999999046325684
2002-04-21,st,1998-04-26,fdp,13.300000190734863,1,4.199999809265137
2006-03-26,st,2002-04-21,fdp,6.699999809265137,1,13.300000190734863
2011-03-20,st,2006-03-26,fdp,3.799999952316284,1,6.699999809265137
2016-03-13,st,2011-03-20,fdp,4.900000095367432,1,3.799999952316284
2021-06-06,st,2016-03-13,fdp,6.4,1,4.900000095367432
2021-06-06,st,2016-03-13,fw,3.1,1,NA
1990-10-14,st,NA,gru,5.300000190734863,1,NA
1994-06-26,st,1990-10-14,gru,5.099999904632568,1,5.300000190734863
1998-04-26,st,1994-06-26,gru,3.200000047683716,1,5.099999904632568
2002-04-21,st,1998-04-26,gru,2,1,3.200000047683716
2006-03-26,st,2002-04-21,gru,3.5999999046325684,1,2
2011-03-20,st,2006-03-26,gru,7.099999904632568,1,3.5999999046325684
2016-03-13,st,2011-03-20,gru,5.199999809265137,1,7.099999904632568
2021-06-06,st,2016-03-13,gru,5.9,1,5.199999809265137
1990-10-14,st,NA,lin,12,1,NA
1994-06-26,st,1990-10-14,lin,19.899999618530273,1,12
1998-04-26,st,1994-06-26,lin,19.600000381469727,1,19.899999618530273
2002-04-21,st,1998-04-26,lin,20.399999618530273,1,19.600000381469727
2006-03-26,st,2002-04-21,lin,24.100000381469727,1,20.399999618530273
2011-03-20,st,2006-03-26,lin,23.700000762939453,1,24.100000381469727
2016-03-13,st,2011-03-20,lin,16.299999237060547,1,23.700000762939453
2021-06-06,st,2016-03-13,lin,11,1,16.299999237060547
1990-10-14,st,NA,npd,0.10000000149011612,1,NA
2011-03-20,st,2006-03-26,npd,4.599999904632568,1,0.10000000149011612
2016-03-13,st,2011-03-20,npd,1.899999976158142,1,4.599999904632568
2021-06-06,st,2016-03-13,npd,NA,0,1.899999976158142
2021-06-06,st,2016-03-13,pir,NA,0,NA
1990-10-14,st,NA,spd,26,1,NA
1994-06-26,st,1990-10-14,spd,34,1,26
1998-04-26,st,1994-06-26,spd,35.900001525878906,1,34
2002-04-21,st,1998-04-26,spd,20,1,35.900001525878906
2006-03-26,st,2002-04-21,spd,21.399999618530273,1,20
2011-03-20,st,2006-03-26,spd,21.5,1,21.399999618530273
2016-03-13,st,2011-03-20,spd,10.600000381469727,1,21.5
2021-06-06,st,2016-03-13,spd,8.4,1,10.600000381469727
2014-09-14,th,2009-08-30,afd,10.600000381469727,1,NA
2019-10-27,th,2014-09-14,afd,23.4,1,10.600000381469727
2019-10-27,th,2014-09-14,bsw,NA,0,NA
1990-10-14,th,NA,cdu,45.400001525878906,1,NA
1994-10-16,th,1990-10-14,cdu,42.599998474121094,1,45.400001525878906
1999-09-12,th,1994-10-16,cdu,51,1,42.599998474121094
2004-06-13,th,1999-09-12,cdu,43,1,51
2009-08-30,th,2004-06-13,cdu,31.200000762939453,1,43
2014-09-14,th,2009-08-30,cdu,33.5,1,31.200000762939453
2019-10-27,th,2014-09-14,cdu,21.7,1,33.5
1990-10-14,th,NA,fdp,9.300000190734863,1,NA
1994-10-16,th,1990-10-14,fdp,3.200000047683716,1,9.300000190734863
1999-09-12,th,1994-10-16,fdp,1.100000023841858,1,3.200000047683716
2004-06-13,th,1999-09-12,fdp,3.5999999046325684,1,1.100000023841858
2009-08-30,th,2004-06-13,fdp,7.599999904632568,1,3.5999999046325684
2014-09-14,th,2009-08-30,fdp,2.5,1,7.599999904632568
2019-10-27,th,2014-09-14,fdp,5,1,2.5
2019-10-27,th,2014-09-14,fw,NA,0,NA
1990-10-14,th,NA,gru,6.5,1,NA
1994-10-16,th,1990-10-14,gru,4.5,1,6.5
1999-09-12,th,1994-10-16,gru,1.899999976158142,1,4.5
2004-06-13,th,1999-09-12,gru,4.5,1,1.899999976158142
2009-08-30,th,2004-06-13,gru,6.199999809265137,1,4.5
2014-09-14,th,2009-08-30,gru,5.699999809265137,1,6.199999809265137
2019-10-27,th,2014-09-14,gru,5.2,1,5.699999809265137
1990-10-14,th,NA,lin,9.699999809265137,1,NA
1994-10-16,th,1990-10-14,lin,16.600000381469727,1,9.699999809265137
1999-09-12,th,1994-10-16,lin,21.399999618530273,1,16.600000381469727
2004-06-13,th,1999-09-12,lin,26.100000381469727,1,21.399999618530273
2009-08-30,th,2004-06-13,lin,27.399999618530273,1,26.100000381469727
2014-09-14,th,2009-08-30,lin,28.200000762939453,1,27.399999618530273
2019-10-27,th,2014-09-14,lin,31,1,28.200000762939453
2004-06-13,th,1999-09-12,npd,1.600000023841858,1,NA
2009-08-30,th,2004-06-13,npd,4.300000190734863,1,1.600000023841858
2014-09-14,th,2009-08-30,npd,3.5999999046325684,1,4.300000190734863
2019-10-27,th,2014-09-14,npd,NA,0,3.5999999046325684
2019-10-27,th,2014-09-14,pir,NA,0,NA
1990-10-14,th,NA,spd,22.799999237060547,1,NA
1994-10-16,th,1990-10-14,spd,29.600000381469727,1,22.799999237060547
1999-09-12,th,1994-10-16,spd,18.5,1,29.600000381469727
2004-06-13,th,1999-09-12,spd,14.5,1,18.5
2009-08-30,th,2004-06-13,spd,18.5,1,14.5
2014-09-14,th,2009-08-30,spd,12.399999618530273,1,18.5
2019-10-27,th,2014-09-14,spd,8.2,1,12.399999618530273
